{
  "project_info": {
    "project_number": "322492960770",
    "firebase_url": "https://capstoneproject-b71e9-default-rtdb.asia-southeast1.firebasedatabase.app",
    "project_id": "capstoneproject-b71e9",
    "storage_bucket": "capstoneproject-b71e9.appspot.com"
  },
  "client": [
    {
      "client_info": {
        "mobilesdk_app_id": "1:322492960770:android:63c47ceb75be6787ea571b",
        "android_client_info": {
          "package_name": "com.diagnese.app"
        }
      },
      "oauth_client": [
        {
          "client_id": "322492960770-qoorr404sna92sj4717riscvlsefdf6s.apps.googleusercontent.com",
          "client_type": 1,
          "android_info": {
            "package_name": "com.diagnese.app",
            "certificate_hash": "369c362524d603558c0a5f6c502a13fc78ea973e"
          }
        },
        {
          "client_id": "322492960770-qnutn4dvnq4cstqob4acc96sev1b67fd.apps.googleusercontent.com",
          "client_type": 3
        }
      ],
      "api_key": [
        {
          "current_key": "AIzaSyBZus_f3xpkeibgfZxoHlujTnv1OStZgNw"
        }
      ],
      "services": {
        "appinvite_service": {
          "other_platform_oauth_client": [
            {
              "client_id": "322492960770-qnutn4dvnq4cstqob4acc96sev1b67fd.apps.googleusercontent.com",
              "client_type": 3
            }
          ]
        }
      }
    }
  ],
  "configuration_version": "1"
}