{
  "name": "text_field",
  "version": 32,
  "source-key": {
    "type": "figma",
    "file": "IZpIABONOKQzCEd4yKwdlh",
    "node": "6:6831",
    "version": "3525717077",
    "component-id": "818dc853b3bc62da355db2d1fff3503b9f677999"
  },
  "default": "jenis=text field, state=empty",
  "design": {
    "atoms": [
      {
        "type": "group",
        "id": "top_level",
        "root": "true"
      },
      {
        "type": "text",
        "id": "placeholder"
      },
      {
        "type": "group",
        "id": "search"
      },
      {
        "type": "vector",
        "id": "Vector"
      },
      {
        "type": "vector",
        "id": "Vector1"
      }
    ],
    "modes": {
      "jenis=text field, state=empty": {
        "rules": [
          {
            "id": "top_level",
            "padding": {
              "left": "24.0",
              "top": "12.0",
              "right": "24.0",
              "bottom": "12.0"
            },
            "border-radius": "25.0",
            "drop-shadow": {
              "color": {
                "alpha": "0.09803921568627451",
                "hue": "0.0",
                "saturation": "0.0",
                "value": "0.0"
              },
              "blur": "34.0",
              "offset-x": "0.0",
              "offset-y": "10.0",
              "spread": "0.0",
              "blend-mode": "normal"
            },
            "stroke-width": "1.0",
            "stroke-color": {
              "alpha": "1.0",
              "hue": "0.0",
              "saturation": "0.0",
              "value": "0.6039215686274509"
            },
            "arrangement": "row",
            "main-axis-align": "start",
            "children": [
              "placeholder"
            ],
            "item-spacing": "12.0",
            "background-color": {
              "alpha": "1.0",
              "hue": "0.0",
              "saturation": "0.0",
              "value": "1.0"
            },
            "clip-content": "false"
          },
          {
            "id": "placeholder",
            "font-weight": "500.0",
            "color": {
              "alpha": "1.0",
              "hue": "0.0",
              "saturation": "0.0",
              "value": "0.6039215686274509"
            },
            "text-content": "placeholder",
            "overflow": "visible",
            "text-align": "left",
            "text-size": "16.0",
            "line-height": "1.125",
            "typeface": "Plus Jakarta Sans"
          }
        ]
      },
      "jenis=search form, state=empty": {
        "rules": [
          {
            "id": "top_level",
            "padding": {
              "left": "24.0",
              "top": "12.0",
              "right": "24.0",
              "bottom": "12.0"
            },
            "border-radius": "25.0",
            "drop-shadow": {
              "color": {
                "alpha": "0.09803921568627451",
                "hue": "0.0",
                "saturation": "0.0",
                "value": "0.0"
              },
              "blur": "34.0",
              "offset-x": "0.0",
              "offset-y": "2.0",
              "spread": "0.0",
              "blend-mode": "normal"
            },
            "stroke-width": "1.0",
            "stroke-color": {
              "alpha": "1.0",
              "hue": "0.0",
              "saturation": "0.0",
              "value": "0.6039215686274509"
            },
            "arrangement": "row",
            "main-axis-align": "start",
            "children": [
              "placeholder",
              "search"
            ],
            "item-spacing": "12.0",
            "background-color": {
              "alpha": "1.0",
              "hue": "0.0",
              "saturation": "0.0",
              "value": "1.0"
            },
            "clip-content": "false"
          },
          {
            "id": "placeholder",
            "size-constraints": {
              "width-constraints": {
                "sizing-mode": "proportional",
                "value": "1.0"
              },
              "height-constraints": {
                "sizing-mode": "shrink"
              }
            },
            "font-weight": "500.0",
            "color": {
              "alpha": "1.0",
              "hue": "0.0",
              "saturation": "0.0",
              "value": "0.6039215686274509"
            },
            "text-content": "placeholder",
            "overflow": "visible",
            "max-lines": "-1",
            "text-align": "left",
            "text-size": "16.0",
            "line-height": "1.125",
            "typeface": "Plus Jakarta Sans"
          },
          {
            "id": "search",
            "size-constraints": {
              "width-constraints": {
                "sizing-mode": "fixed",
                "value": "24.0"
              },
              "height-constraints": {
                "sizing-mode": "fixed",
                "value": "24.0"
              }
            },
            "is-structured": "false",
            "children": [
              "Vector",
              "Vector1"
            ]
          },
          {
            "id": "Vector",
            "size-constraints": {
              "width-constraints": {
                "sizing-mode": "proportional",
                "value": "1.0"
              },
              "height-constraints": {
                "sizing-mode": "proportional",
                "value": "1.0"
              }
            }
          },
          {
            "id": "Vector1",
            "margin": {
              "left": "3.0",
              "top": "3.0",
              "right": "3.510009765625",
              "bottom": "3.510009765625"
            },
            "size-constraints": {
              "width-constraints": {
                "sizing-mode": "proportional",
                "value": "1.0"
              },
              "height-constraints": {
                "sizing-mode": "proportional",
                "value": "1.0"
              }
            },
            "vector-content": "vector.svg"
          }
        ]
      },
      "jenis=search form,state=filled": {
        "rules": [
          {
            "id": "top_level",
            "padding": {
              "left": "24.0",
              "top": "12.0",
              "right": "24.0",
              "bottom": "12.0"
            },
            "border-radius": "25.0",
            "drop-shadow": {
              "color": {
                "alpha": "0.09803921568627451",
                "hue": "0.0",
                "saturation": "0.0",
                "value": "0.0"
              },
              "blur": "34.0",
              "offset-x": "0.0",
              "offset-y": "2.0",
              "spread": "0.0",
              "blend-mode": "normal"
            },
            "stroke-width": "1.0",
            "stroke-color": {
              "alpha": "1.0",
              "hue": "0.0",
              "saturation": "0.0",
              "value": "0.6039215686274509"
            },
            "arrangement": "row",
            "main-axis-align": "start",
            "children": [
              "placeholder",
              "search"
            ],
            "item-spacing": "12.0",
            "background-color": {
              "alpha": "1.0",
              "hue": "0.0",
              "saturation": "0.0",
              "value": "1.0"
            },
            "clip-content": "false"
          },
          {
            "id": "placeholder",
            "size-constraints": {
              "width-constraints": {
                "sizing-mode": "proportional",
                "value": "1.0"
              },
              "height-constraints": {
                "sizing-mode": "shrink"
              }
            },
            "font-weight": "500.0",
            "color": {
              "alpha": "1.0",
              "hue": "0.0",
              "saturation": "0.0",
              "value": "0.20784313725490197"
            },
            "text-content": "placeholder",
            "overflow": "visible",
            "max-lines": "-1",
            "text-align": "left",
            "text-size": "16.0",
            "line-height": "1.125",
            "typeface": "Plus Jakarta Sans"
          },
          {
            "id": "search",
            "size-constraints": {
              "width-constraints": {
                "sizing-mode": "fixed",
                "value": "24.0"
              },
              "height-constraints": {
                "sizing-mode": "fixed",
                "value": "24.0"
              }
            },
            "is-structured": "false",
            "children": [
              "Vector",
              "Vector1"
            ]
          },
          {
            "id": "Vector",
            "size-constraints": {
              "width-constraints": {
                "sizing-mode": "proportional",
                "value": "1.0"
              },
              "height-constraints": {
                "sizing-mode": "proportional",
                "value": "1.0"
              }
            }
          },
          {
            "id": "Vector1",
            "margin": {
              "left": "3.0",
              "top": "3.0",
              "right": "3.510009765625",
              "bottom": "3.510009765625"
            },
            "size-constraints": {
              "width-constraints": {
                "sizing-mode": "proportional",
                "value": "1.0"
              },
              "height-constraints": {
                "sizing-mode": "proportional",
                "value": "1.0"
              }
            },
            "vector-content": "vector1.svg"
          }
        ]
      },
      "jenis=search form,state=active input": {
        "rules": [
          {
            "id": "top_level",
            "padding": {
              "left": "24.0",
              "top": "12.0",
              "right": "24.0",
              "bottom": "12.0"
            },
            "border-radius": "25.0",
            "drop-shadow": {
              "color": {
                "alpha": "0.09803921568627451",
                "hue": "0.0",
                "saturation": "0.0",
                "value": "0.0"
              },
              "blur": "34.0",
              "offset-x": "0.0",
              "offset-y": "2.0",
              "spread": "0.0",
              "blend-mode": "normal"
            },
            "stroke-width": "1.0",
            "stroke-color": {
              "alpha": "1.0",
              "hue": "220.88888888888889",
              "saturation": "1.0",
              "value": "0.5294117647058824"
            },
            "arrangement": "row",
            "main-axis-align": "start",
            "children": [
              "placeholder",
              "search"
            ],
            "item-spacing": "12.0",
            "background-color": {
              "alpha": "1.0",
              "hue": "0.0",
              "saturation": "0.0",
              "value": "1.0"
            },
            "clip-content": "false"
          },
          {
            "id": "placeholder",
            "size-constraints": {
              "width-constraints": {
                "sizing-mode": "proportional",
                "value": "1.0"
              },
              "height-constraints": {
                "sizing-mode": "shrink"
              }
            },
            "font-weight": "500.0",
            "color": {
              "alpha": "1.0",
              "hue": "0.0",
              "saturation": "0.0",
              "value": "0.20784313725490197"
            },
            "text-content": "placeholder",
            "overflow": "visible",
            "max-lines": "-1",
            "text-align": "left",
            "text-size": "16.0",
            "line-height": "1.125",
            "typeface": "Plus Jakarta Sans"
          },
          {
            "id": "search",
            "size-constraints": {
              "width-constraints": {
                "sizing-mode": "fixed",
                "value": "24.0"
              },
              "height-constraints": {
                "sizing-mode": "fixed",
                "value": "24.0"
              }
            },
            "is-structured": "false",
            "children": [
              "Vector",
              "Vector1"
            ]
          },
          {
            "id": "Vector",
            "size-constraints": {
              "width-constraints": {
                "sizing-mode": "proportional",
                "value": "1.0"
              },
              "height-constraints": {
                "sizing-mode": "proportional",
                "value": "1.0"
              }
            }
          },
          {
            "id": "Vector1",
            "margin": {
              "left": "3.0",
              "top": "3.0",
              "right": "3.510009765625",
              "bottom": "3.510009765625"
            },
            "size-constraints": {
              "width-constraints": {
                "sizing-mode": "proportional",
                "value": "1.0"
              },
              "height-constraints": {
                "sizing-mode": "proportional",
                "value": "1.0"
              }
            },
            "vector-content": "vector2.svg"
          }
        ]
      },
      "jenis=text field,state=filled": {
        "rules": [
          {
            "id": "top_level",
            "padding": {
              "left": "24.0",
              "top": "12.0",
              "right": "24.0",
              "bottom": "12.0"
            },
            "border-radius": "25.0",
            "drop-shadow": {
              "color": {
                "alpha": "0.09803921568627451",
                "hue": "0.0",
                "saturation": "0.0",
                "value": "0.0"
              },
              "blur": "34.0",
              "offset-x": "0.0",
              "offset-y": "10.0",
              "spread": "0.0",
              "blend-mode": "normal"
            },
            "stroke-width": "1.0",
            "stroke-color": {
              "alpha": "1.0",
              "hue": "0.0",
              "saturation": "0.0",
              "value": "0.6039215686274509"
            },
            "arrangement": "row",
            "main-axis-align": "start",
            "children": [
              "placeholder"
            ],
            "item-spacing": "12.0",
            "background-color": {
              "alpha": "1.0",
              "hue": "0.0",
              "saturation": "0.0",
              "value": "1.0"
            },
            "clip-content": "false"
          },
          {
            "id": "placeholder",
            "font-weight": "500.0",
            "color": {
              "alpha": "1.0",
              "hue": "0.0",
              "saturation": "0.0",
              "value": "0.20784313725490197"
            },
            "text-content": "placeholder",
            "overflow": "visible",
            "text-align": "left",
            "text-size": "16.0",
            "line-height": "1.125",
            "typeface": "Plus Jakarta Sans"
          }
        ]
      },
      "jenis=text field,state=active input": {
        "rules": [
          {
            "id": "top_level",
            "padding": {
              "left": "24.0",
              "top": "12.0",
              "right": "24.0",
              "bottom": "12.0"
            },
            "border-radius": "25.0",
            "drop-shadow": {
              "color": {
                "alpha": "0.09803921568627451",
                "hue": "0.0",
                "saturation": "0.0",
                "value": "0.0"
              },
              "blur": "34.0",
              "offset-x": "0.0",
              "offset-y": "10.0",
              "spread": "0.0",
              "blend-mode": "normal"
            },
            "stroke-width": "1.0",
            "stroke-color": {
              "alpha": "1.0",
              "hue": "220.88888888888889",
              "saturation": "1.0",
              "value": "0.5294117647058824"
            },
            "arrangement": "row",
            "main-axis-align": "start",
            "children": [
              "placeholder"
            ],
            "item-spacing": "12.0",
            "background-color": {
              "alpha": "1.0",
              "hue": "0.0",
              "saturation": "0.0",
              "value": "1.0"
            },
            "clip-content": "false"
          },
          {
            "id": "placeholder",
            "font-weight": "500.0",
            "color": {
              "alpha": "1.0",
              "hue": "0.0",
              "saturation": "0.0",
              "value": "0.20784313725490197"
            },
            "text-content": "placeholder",
            "overflow": "visible",
            "text-align": "left",
            "text-size": "16.0",
            "line-height": "1.125",
            "typeface": "Plus Jakarta Sans"
          }
        ]
      }
    }
  },
  "previews": [
    {
      "design": "jenis=text field, state=empty",
      "size": {
        "width": 338.0,
        "height": 44.0
      }
    },
    {
      "design": "jenis=search form, state=empty",
      "size": {
        "width": 338.0,
        "height": 44.0
      }
    },
    {
      "design": "jenis=search form,state=filled",
      "size": {
        "width": 338.0,
        "height": 44.0
      }
    },
    {
      "design": "jenis=search form,state=active input",
      "size": {
        "width": 338.0,
        "height": 44.0
      }
    },
    {
      "design": "jenis=text field,state=filled",
      "size": {
        "width": 338.0,
        "height": 44.0
      }
    },
    {
      "design": "jenis=text field,state=active input",
      "size": {
        "width": 338.0,
        "height": 44.0
      }
    }
  ],
  "adin-component-search-paths": [],
  "image-search-paths": [],
  "vector-search-paths": []
}